file_name,temperature,do,ph,turbidity
20260806_160703_469.jpg,27.09,5.83,8.02,0.12
20260806_234103_515.jpg,27.59,2.75,7.8,0.13
20260806_213503_505.jpg,27.5,3.47,7.83,0.13
20260806_165103_472.jpg,27.18,5.46,8,0.17
20260806_131103_453.jpg,26.8,6.88,8.13,0.08
20260806_192303_490.jpg,27.36,4.4,7.91,0.13
20260806_164103_471.jpg,27.18,5.6,8,0.1
20260807_012103_524.jpg,27.64,2.13,7.76,0.17
20260806_095703_426.jpg,26.41,8.28,8.29,0.04
20260806_102003_428.jpg,26.46,8.14,8.27,0.03
20260806_104203_429.jpg,26.46,8.04,8.26,0.07
20260806_132303_457.jpg,26.77,6.87,8.13,0.08
20260806_165903_473.jpg,27.18,5.45,7.99,0.11
20260806_112903_432.jpg,26.59,7.69,8.21,0.06
20260806_111003_431.jpg,26.5,7.83,8.23,0.07
20260806_142903_462.jpg,26.93,6.46,8.08,0.08
20260806_123803_441.jpg,26.73,7.25,8.16,0.06
20260807_001503_519.jpg,27.59,2.52,7.78,0.14
20260806_173703_478.jpg,27.27,5.21,7.96,0.1
20260806_155103_468.jpg,27.09,5.93,8.04,0.21
20260807_053703_550.jpg,27.73,1.19,7.7,0.22
20260806_221703_508.jpg,27.54,3.28,7.81,0.13
20260806_215503_507.jpg,27.5,3.39,7.83,0.13
20260806_182703_482.jpg,27.32,4.89,7.93,0.1
20260807_023703_533.jpg,27.68,1.77,7.73,0.16
20260806_151703_465.jpg,27.04,6.15,8.05,0.09
20260806_221903_509.jpg,27.54,3.24,7.81,0.12
20260807_073103_560.jpg,27.82,1.09,7.68,0.41
20260806_192703_490.jpg,27.36,4.36,7.9,0.13
20260807_055703_551.jpg,27.77,1.23,7.7,0.26
20260806_195903_492.jpg,27.45,4.16,7.88,0.16
20260806_215303_507.jpg,27.5,3.42,7.83,0.14
20260807_053303_549.jpg,27.77,1.2,7.7,0.18
20260807_034303_541.jpg,27.73,1.46,7.7,0.17
20260807_001703_520.jpg,27.59,2.48,7.78,0.17
20260806_095303_426.jpg,26.41,8.35,8.29,0.03
20260806_102303_428.jpg,26.46,8.1,8.26,0.09
20260806_224703_511.jpg,27.54,3.1,7.81,0.13
20260806_095903_426.jpg,26.41,8.31,8.29,0.02
20260806_233303_514.jpg,27.59,2.62,7.8,0.11
20260807_065503_558.jpg,27.82,1.15,7.7,0.16
20260806_170903_473.jpg,27.18,5.41,7.99,0.1
20260806_230903_512.jpg,27.54,2.87,7.8,0.11
20260806_104803_430.jpg,26.46,7.88,8.24,0.11
20260806_194903_492.jpg,27.41,4.26,7.89,0.12
20260807_052303_549.jpg,27.77,1.17,7.7,0.16
20260806_112503_432.jpg,26.55,7.69,8.21,0.04
20260807_015303_530.jpg,27.68,1.92,7.75,0.25
20260807_071903_559.jpg,27.77,1.05,7.7,0.17
20260807_051303_548.jpg,27.73,1.25,7.7,0.19
20260807_014103_529.jpg,27.64,1.91,7.75,0.14
20260806_094903_425.jpg,26.41,8.39,8.29,0.03
20260806_110203_431.jpg,26.48,7.84,8.23,0.04
20260806_175703_480.jpg,27.27,5.01,7.94,0.11
20260807_061903_553.jpg,27.77,1.18,7.7,0.2
20260806_111603_432.jpg,26.55,7.77,8.23,0.05
20260806_121603_439.jpg,26.68,7.31,8.18,0.06
20260806_100803_427.jpg,26.41,8.23,8.28,0.03
20260807_032503_540.jpg,27.68,1.51,7.73,0.17
20260807_041503_544.jpg,27.73,1.39,7.72,0.15
20260806_150103_464.jpg,26.99,6.29,8.07,0.1
20260806_164903_472.jpg,27.18,5.47,8,0.1
20260806_120103_438.jpg,26.64,7.51,8.2,0.09
20260806_134103_458.jpg,26.82,6.81,8.12,0.1
20260807_000703_516.jpg,27.59,2.56,7.78,0.15
20260806_151903_465.jpg,26.99,6.11,8.05,0.07
20260806_101703_427.jpg,26.41,8.22,8.26,0.18
20260806_204903_496.jpg,27.45,3.9,7.86,0.12
20260806_130703_453.jpg,26.73,7.02,8.15,0.07
20260806_130103_445.jpg,26.73,7.07,8.15,0.07
20260806_123503_441.jpg,26.73,7.24,8.17,0.32
20260807_022703_532.jpg,27.68,1.78,7.74,0.15
20260806_095403_426.jpg,26.41,8.3,8.29,0.02
20260806_144903_463.jpg,26.95,6.32,8.08,0.09
20260807_041103_543.jpg,27.73,1.41,7.7,0.13
20260806_125703_445.jpg,26.73,6.98,8.15,0.33
20260806_220103_507.jpg,27.54,3.29,7.81,0.14
20260807_033503_541.jpg,27.73,1.5,7.72,0.32
20260806_100003_426.jpg,26.41,8.29,8.28,0.03
20260806_121303_439.jpg,26.68,7.41,8.18,0.06
20260806_153103_466.jpg,27.02,6.02,8.05,0.09
20260806_195303_492.jpg,27.41,4.19,7.88,0.11
20260807_060303_552.jpg,27.77,1.19,7.7,0.18
20260807_002303_520.jpg,27.61,2.3,7.76,0.12
20260807_035103_542.jpg,27.73,1.37,7.7,0.15
20260806_144103_463.jpg,26.95,6.32,8.08,0.11
20260807_034703_542.jpg,27.73,1.48,7.71,0.15
20260806_192103_490.jpg,27.36,4.49,7.91,0.12
20260807_064903_557.jpg,27.77,1.15,7.7,0.19
20260807_021103_531.jpg,27.64,1.85,7.75,0.15
20260806_101203_427.jpg,26.41,8.23,8.28,0.05
20260807_010303_523.jpg,27.64,2.15,7.76,0.11
20260806_154303_467.jpg,27.04,5.97,8.04,0.1
20260806_220303_507.jpg,27.5,3.31,7.81,0.15
20260806_122803_440.jpg,26.73,7.27,8.18,0.06
20260806_234303_515.jpg,27.59,2.74,7.78,0.13
20260807_021303_531.jpg,27.68,1.83,7.75,0.15
20260806_131303_454.jpg,26.77,6.9,8.13,0.07
20260807_020103_530.jpg,27.68,1.92,7.75,0.19
20260807_025103_537.jpg,27.68,1.71,7.73,0.14
20260807_033103_540.jpg,27.73,1.57,7.73,0.32
20260806_184103_483.jpg,27.32,4.74,7.92,0.12
20260806_142103_461.jpg,26.91,6.54,8.1,0.08
20260806_094603_425.jpg,26.41,8.42,8.29,0.02
20260807_072103_559.jpg,27.82,1.09,7.68,0.18
20260806_105803_430.jpg,26.5,7.92,8.24,0.05
20260806_132703_457.jpg,26.82,6.91,8.13,0.07
20260807_012703_525.jpg,27.64,2.1,7.76,0.12
20260806_190503_485.jpg,27.36,4.66,7.91,0.14
20260806_203703_495.jpg,27.45,3.94,7.86,0.14
20260806_182503_482.jpg,27.32,4.86,7.93,0.13
20260806_230303_512.jpg,27.54,2.98,7.8,0.13
20260807_030103_538.jpg,27.68,1.62,7.73,0.17
20260806_153303_466.jpg,27.04,5.95,8.05,0.08
20260806_201903_494.jpg,27.45,4,7.88,0.13
20260806_102603_428.jpg,26.46,8.1,8.26,0.05
20260807_020303_531.jpg,27.68,1.91,7.75,0.14
20260806_204503_496.jpg,27.45,3.85,7.86,0.14
20260806_095203_426.jpg,26.39,8.37,8.29,0.01
20260807_022103_532.jpg,27.68,1.69,7.75,0.16
20260806_170103_473.jpg,27.18,5.44,7.99,0.1
20260806_200503_493.jpg,27.45,4.06,7.88,0.13
20260806_111203_431.jpg,26.53,7.78,8.23,0.09
20260806_180103_480.jpg,27.29,5,7.94,0.12
20260806_212103_501.jpg,27.5,3.62,7.84,0.14
20260806_120203_438.jpg,26.64,7.5,8.18,0.28
20260807_035503_542.jpg,27.73,1.42,7.72,0.14
20260806_195703_492.jpg,27.41,4.19,7.88,0.11
20260806_121403_439.jpg,26.68,7.36,8.18,0.07
20260807_043903_545.jpg,27.73,1.33,7.7,0.22
20260807_013303_525.jpg,27.68,2.04,7.75,0.16
20260806_174103_479.jpg,27.27,5.13,7.96,0.1
20260806_135703_459.jpg,26.86,6.68,8.12,0.25
20260806_223703_510.jpg,27.54,3.11,7.81,0.14
20260807_032903_540.jpg,27.75,1.56,7.73,0.24
20260806_184903_484.jpg,27.32,4.75,7.92,0.1
20260806_210103_497.jpg,27.45,3.76,7.85,0.16
20260806_114803_437.jpg,26.59,7.56,8.2,0.05
20260807_025703_538.jpg,27.68,1.65,7.73,0.17
20260807_014903_530.jpg,27.64,2,7.74,0.13
20260807_061103_552.jpg,27.77,1.2,7.69,0.18
20260806_191103_489.jpg,27.36,4.54,7.91,0.13
20260806_113903_437.jpg,26.59,7.59,8.21,0.04
20260806_124703_442.jpg,26.73,7.15,8.16,0.07
20260806_102403_428.jpg,26.46,8.11,8.26,0.04
20260807_031703_539.jpg,27.68,1.65,7.73,0.18
20260807_003103_521.jpg,27.59,2.41,7.78,0.15
20260807_031503_539.jpg,27.68,1.58,7.72,0.17
20260806_163703_471.jpg,27.13,5.55,8,0.14
20260806_223903_510.jpg,27.54,3.03,7.81,0.15
20260806_213303_505.jpg,27.45,3.52,7.84,0.12
20260806_120703_439.jpg,26.64,7.43,8.18,0.1
20260806_212503_501.jpg,27.5,3.63,7.84,0.12
20260806_153903_467.jpg,27.04,6.05,8.04,0.07
20260806_210903_498.jpg,27.43,3.68,7.84,0.16
20260806_124103_441.jpg,26.73,7.19,8.16,0.07
20260806_224103_510.jpg,27.57,3.02,7.8,0.14
20260806_104703_429.jpg,26.5,7.9,8.24,0.04
20260806_231503_513.jpg,27.54,2.86,7.8,0.17
20260806_191703_489.jpg,27.36,4.52,7.91,0.11
20260806_114203_437.jpg,26.59,7.58,8.2,0.05
20260806_115603_438.jpg,26.64,7.54,8.2,0.05
20260806_102903_428.jpg,26.46,8.09,8.26,0.04
20260806_104003_429.jpg,26.46,8.06,8.26,0.07
20260807_023303_533.jpg,27.68,1.75,7.73,0.17
20260807_070103_558.jpg,27.77,1.14,7.7,0.18
20260806_201503_494.jpg,27.38,4.06,7.88,0.17
20260806_134503_458.jpg,26.77,6.77,8.12,0.07
20260807_003703_521.jpg,27.59,2.31,7.77,0.15
20260806_214703_506.jpg,27.5,3.4,7.83,0.14
20260806_163303_471.jpg,27.13,5.64,8,0.13
20260806_205703_497.jpg,27.45,3.72,7.86,0.12
20260806_171103_473.jpg,27.18,5.4,7.98,0.12
20260807_035903_543.jpg,27.73,1.43,7.72,0.15
20260806_121103_439.jpg,26.68,7.41,8.18,0.07
20260806_200703_493.jpg,27.45,4.12,7.88,0.15
20260806_113003_433.jpg,26.55,7.7,8.21,0.04
20260807_002103_520.jpg,27.59,2.39,7.76,0.14
20260806_174303_479.jpg,27.27,5.08,7.96,0.63
20260806_162703_470.jpg,27.13,5.65,8.02,0.11
20260806_135103_459.jpg,26.82,6.71,8.12,0.08
20260806_235903_516.jpg,27.59,2.55,7.78,0.14
20260807_030303_538.jpg,27.68,1.68,7.73,0.14
20260807_063903_554.jpg,27.77,1.14,7.7,0.22
20260806_195103_492.jpg,27.41,4.2,7.89,0.12
20260806_231303_512.jpg,27.59,2.86,7.8,0.13
20260807_074103_561.jpg,27.82,1.14,7.7,0.2
20260806_144503_463.jpg,26.95,6.37,8.08,0.1
20260807_051103_548.jpg,27.73,1.23,7.7,0.19
20260807_005103_522.jpg,27.59,2.29,7.76,0.15
20260806_100703_427.jpg,26.41,8.26,8.28,0.03
20260806_225103_511.jpg,27.54,3.05,7.8,0.13
20260806_122203_440.jpg,26.68,7.32,8.18,0.05
20260806_122603_440.jpg,26.73,7.31,8.18,0.06
20260807_031103_539.jpg,27.73,1.61,7.73,0.3
20260807_014303_529.jpg,27.64,1.9,7.75,0.12
20260807_004103_521.jpg,27.64,2.41,7.76,0.12
20260806_172903_478.jpg,27.23,5.2,7.97,0.11
20260806_220703_508.jpg,27.5,3.34,7.83,0.15
20260806_102703_428.jpg,26.46,8.12,8.26,0.04
20260806_130303_453.jpg,26.73,7.05,8.15,0.07
20260806_184503_483.jpg,27.32,4.7,7.92,0.2
20260806_174503_479.jpg,27.27,5.08,7.96,0.13
20260806_185503_484.jpg,27.32,4.69,7.92,0.12
20260806_123603_441.jpg,26.68,7.28,8.16,0.07
20260806_230503_512.jpg,27.54,2.97,7.8,0.13
20260806_163503_471.jpg,27.13,5.57,8,0.13
20260806_114303_437.jpg,26.59,7.59,8.2,0.05
20260807_064503_557.jpg,27.77,1.11,7.7,0.19
20260807_044903_546.jpg,27.77,1.33,7.72,0.33
20260806_121903_440.jpg,26.68,7.27,8.18,0.06
20260806_121203_439.jpg,26.64,7.42,8.18,0.12
20260806_132903_457.jpg,26.77,6.9,8.13,0.08
20260807_023903_533.jpg,27.68,1.76,7.73,0.25
20260806_190303_485.jpg,27.34,4.6,7.91,0.1
20260807_050103_547.jpg,27.73,1.27,7.7,0.21
20260806_140903_460.jpg,26.91,6.62,8.1,0.13
20260806_231903_513.jpg,27.59,2.85,7.8,0.12
20260806_135303_459.jpg,26.82,6.73,8.12,0.09
20260806_120403_439.jpg,26.64,7.44,8.2,0.06
20260806_183703_483.jpg,27.32,4.82,7.92,0.11
20260806_110103_430.jpg,26.5,7.82,8.24,0.04
20260806_232903_514.jpg,27.54,2.82,7.78,0.13
20260806_172703_478.jpg,27.23,5.28,7.97,0.1
20260807_060503_552.jpg,27.75,1.23,7.7,0.18
20260806_130903_453.jpg,26.73,6.96,8.15,0.06
20260806_123703_441.jpg,26.73,7.26,8.16,0.05
20260806_153503_467.jpg,27.04,5.99,8.05,0.1
20260807_052703_549.jpg,27.77,1.2,7.71,0.16
20260806_171903_477.jpg,27.23,5.31,7.97,0.09
20260806_103303_428.jpg,26.46,8.07,8.26,0.09
20260807_004503_522.jpg,27.64,2.34,7.76,0.2
20260806_210703_497.jpg,27.5,3.69,7.85,0.1
20260806_235503_516.jpg,27.54,2.54,7.78,0.17
20260806_193903_491.jpg,27.41,4.29,7.89,0.24
20260807_052503_549.jpg,27.73,1.18,7.7,0.22
20260806_170303_473.jpg,27.18,5.37,7.98,0.11
20260806_221303_508.jpg,27.54,3.23,7.81,0.12
20260806_150903_465.jpg,26.99,6.17,8.07,0.09
20260806_170703_473.jpg,27.16,5.43,7.99,0.1
20260806_115303_438.jpg,26.64,7.5,8.2,0.07
20260806_201303_493.jpg,27.38,4.12,7.88,0.14
20260807_010703_523.jpg,27.64,2.22,7.75,0.14
20260806_125503_445.jpg,26.73,7.03,8.16,0.06
20260807_011703_524.jpg,27.64,2.09,7.76,0.24
20260807_054903_551.jpg,27.77,1.13,7.7,0.31
20260806_230703_512.jpg,27.54,2.87,7.8,0.13
20260806_192903_490.jpg,27.41,4.38,7.89,0.16
20260807_062703_553.jpg,27.77,1.11,7.7,0.19
20260807_044703_546.jpg,27.7,1.35,7.72,0.16
20260806_163103_471.jpg,27.13,5.66,8,0.19
20260806_165303_472.jpg,27.18,5.5,8,0.1
20260806_145103_463.jpg,26.95,6.31,8.08,0.09
20260806_100103_426.jpg,26.41,8.29,8.28,0.03
20260806_113403_433.jpg,26.55,7.68,8.21,0.11
20260807_065103_557.jpg,27.77,1.13,7.7,0.17
20260807_070503_558.jpg,27.82,1.11,7.7,0.18
20260807_021503_531.jpg,27.68,1.81,7.73,0.15
20260806_153703_467.jpg,27.09,6.04,8.05,0.13
20260807_062303_553.jpg,27.77,1.17,7.7,0.28
20260806_115403_438.jpg,26.59,7.53,8.2,0.11
20260806_215703_507.jpg,27.5,3.38,7.83,0.11
20260806_132103_454.jpg,26.77,6.9,8.13,0.75
20260806_214503_506.jpg,27.5,3.48,7.83,0.14
20260806_152903_466.jpg,27.04,6.08,8.05,0.15
20260807_070903_559.jpg,27.82,1.15,7.7,0.18
20260806_202503_494.jpg,27.43,4.03,7.86,0.13
20260806_124003_441.jpg,26.73,7.22,8.16,0.06
20260806_141103_460.jpg,26.86,6.59,8.1,0.09
20260806_180703_481.jpg,27.29,4.92,7.94,0.13
20260806_205503_496.jpg,27.5,3.75,7.86,0.47
20260806_183303_482.jpg,27.32,4.81,7.93,0.55
20260806_205303_496.jpg,27.45,3.81,7.86,0.12
20260807_003303_521.jpg,27.64,2.36,7.76,0.14
20260806_185703_484.jpg,27.36,4.66,7.92,0.27
20260806_095803_426.jpg,26.41,8.32,8.29,0.03
20260807_055303_551.jpg,27.77,1.24,7.7,0.17
20260806_234503_515.jpg,27.59,2.63,7.78,0.15
20260807_003503_521.jpg,27.64,2.33,7.76,0.16
20260806_212703_505.jpg,27.5,3.61,7.84,0.14
20260806_205903_497.jpg,27.45,3.76,7.86,0.11
20260807_050903_548.jpg,27.73,1.22,7.71,0.19
20260806_225703_511.jpg,27.54,3.03,7.8,0.27
20260806_233503_514.jpg,27.54,2.74,7.8,0.15
20260806_123203_441.jpg,26.68,7.21,8.16,0.09
20260806_133503_458.jpg,26.82,6.79,8.13,0.08
20260806_112203_432.jpg,26.55,7.76,8.23,0.07
20260807_023103_533.jpg,27.68,1.75,7.73,0.12
20260807_041703_544.jpg,27.73,1.32,7.72,0.2
20260806_114003_437.jpg,26.59,7.58,8.21,0.21
20260807_022503_532.jpg,27.68,1.75,7.75,0.2
20260806_124503_442.jpg,26.73,7.12,8.16,0.08
20260807_050303_547.jpg,27.75,1.29,7.7,0.16
20260806_112603_432.jpg,26.55,7.67,8.21,0.04
20260806_113703_433.jpg,26.59,7.67,8.21,0.05
20260806_144703_463.jpg,26.95,6.35,8.08,0.13
20260807_020903_531.jpg,27.68,1.8,7.74,0.14
20260806_131703_454.jpg,26.77,6.94,8.13,0.16
20260807_000303_516.jpg,27.59,2.55,7.78,0.18
20260807_052903_549.jpg,27.73,1.2,7.7,0.17
20260806_120003_438.jpg,26.64,7.53,8.2,0.04
20260806_171703_477.jpg,27.23,5.26,7.97,0.1
20260806_134703_458.jpg,26.82,6.76,8.12,0.08
20260806_202903_495.jpg,27.45,3.94,7.86,0.12
20260806_111503_431.jpg,26.55,7.75,8.23,0.09
20260806_095603_426.jpg,26.46,8.23,8.28,0.02
20260806_134903_459.jpg,26.86,6.66,8.12,0.11
20260806_111403_431.jpg,26.48,7.76,8.23,0.06
20260806_110703_431.jpg,26.5,7.86,8.23,0.05
20260806_225303_511.jpg,27.54,2.98,7.8,0.14
20260807_001103_517.jpg,27.59,2.51,7.78,0.13
20260806_224903_511.jpg,27.54,3.08,7.81,0.13
20260806_161903_470.jpg,27.11,5.74,8.02,0.1
20260806_124903_442.jpg,26.73,7.16,8.16,0.07
20260806_103603_429.jpg,26.46,8.03,8.25,0.03
20260806_233103_514.jpg,27.59,2.7,7.8,0.13
20260806_184303_483.jpg,27.32,4.75,7.92,0.13
20260806_125303_445.jpg,26.73,7.14,8.15,0.12
20260806_205103_496.jpg,27.45,3.85,7.86,0.13
20260806_125903_445.jpg,26.73,7.06,8.15,0.06
20260806_122103_440.jpg,26.68,7.3,8.18,0.18
20260807_010103_523.jpg,27.64,2.24,7.76,0.14
20260807_025903_538.jpg,27.68,1.66,7.73,0.16
20260807_062503_553.jpg,27.75,1.16,7.7,0.2
20260806_105903_430.jpg,26.5,7.87,8.24,0.06
20260806_204303_496.jpg,27.45,3.84,7.86,0.12
20260806_204103_495.jpg,27.45,3.89,7.86,0.12
20260806_193303_490.jpg,27.36,4.36,7.89,0.1
20260806_100203_426.jpg,26.37,8.34,8.28,0.02
20260806_160503_469.jpg,27.09,5.86,8.04,0.11
20260806_110003_430.jpg,26.5,7.83,8.24,0.06
20260806_232503_513.jpg,27.59,2.82,7.8,0.14
20260807_043303_545.jpg,27.77,1.32,7.72,0.2
20260807_051503_548.jpg,27.73,1.28,7.7,0.17
20260806_162103_470.jpg,27.13,5.76,8.02,0.15
20260806_140303_460.jpg,26.86,6.61,8.12,0.12
20260806_161103_469.jpg,27.09,5.8,8.02,0.1
20260806_232303_513.jpg,27.59,2.86,7.8,0.16
20260806_110603_431.jpg,26.5,7.86,8.23,0.04
20260806_115803_438.jpg,26.62,7.54,8.2,0.06
20260806_173903_478.jpg,27.23,5.18,7.96,0.12
20260806_105003_430.jpg,26.5,7.91,8.24,0.05
20260806_123403_441.jpg,26.73,7.21,8.18,0.1
20260806_222903_509.jpg,27.54,3.1,7.81,0.14
20260806_100603_427.jpg,26.41,8.28,8.28,0.08
20260807_033903_541.jpg,27.73,1.44,7.7,0.15
20260807_024503_537.jpg,27.68,1.71,7.73,0.15
20260806_183503_483.jpg,27.32,4.78,7.92,0.13
20260806_230103_512.jpg,27.54,2.98,7.8,0.13
20260806_101003_427.jpg,26.41,8.18,8.28,0.02
20260807_014503_529.jpg,27.68,1.96,7.75,0.15
20260807_045103_546.jpg,27.73,1.33,7.71,0.15
20260806_152303_466.jpg,27.04,6.1,8.05,0.14
20260807_042503_544.jpg,27.73,1.37,7.72,0.15
20260806_173503_478.jpg,27.23,5.26,7.96,0.17
20260806_182903_482.jpg,27.32,4.87,7.94,0.12
20260806_235703_516.jpg,27.59,2.54,7.78,0.13
20260807_045503_547.jpg,27.73,1.33,7.7,0.16
20260806_113103_433.jpg,26.59,7.67,8.21,0.05
20260806_170503_473.jpg,27.18,5.4,7.99,0.09
20260806_120803_439.jpg,26.64,7.41,8.18,0.07
20260806_120303_439.jpg,26.64,7.48,8.18,9.62
20260806_215903_507.jpg,27.5,3.32,7.83,0.14
20260807_020503_531.jpg,27.66,1.86,7.75,0.14
20260806_103803_429.jpg,26.46,8.06,8.26,0.05
20260807_015903_530.jpg,27.68,1.88,7.75,0.21
20260807_044503_546.jpg,27.77,1.26,7.7,0.23
20260806_105203_430.jpg,26.5,7.94,8.24,0.06
20260806_103703_429.jpg,26.46,8.04,8.26,0.04
20260806_180503_480.jpg,27.27,4.98,7.94,0.22
20260806_201103_493.jpg,27.41,4.13,7.88,0.12
20260806_161303_469.jpg,27.09,5.78,8.02,0.11
20260806_180903_481.jpg,27.27,4.93,7.94,0.15
20260806_200103_493.jpg,27.43,4.13,7.88,0.12
20260807_060703_552.jpg,27.77,1.21,7.7,0.21
20260806_175503_480.jpg,27.27,4.98,7.95,0.11
20260806_171303_474.jpg,27.23,5.37,7.97,0.12
20260806_121803_440.jpg,26.68,7.27,8.18,0.06
20260806_184703_483.jpg,27.32,4.69,7.92,0.1
20260806_160303_469.jpg,27.09,5.87,8.03,0.12
20260807_034103_541.jpg,27.73,1.5,7.71,0.19
20260806_231703_513.jpg,27.52,2.92,7.8,0.14
20260806_120903_439.jpg,26.64,7.42,8.18,0.08
20260806_130503_453.jpg,26.77,7,8.15,0.06
20260806_114903_438.jpg,26.59,7.54,8.2,0.07
20260807_033703_541.jpg,27.73,1.49,7.72,0.18
20260806_124303_441.jpg,26.73,7.18,8.16,0.07
20260807_040903_543.jpg,27.73,1.42,7.7,0.26
20260806_202103_494.jpg,27.45,4,7.88,0.15
20260806_152503_466.jpg,27.04,6.1,8.05,0.1
20260807_054303_550.jpg,27.73,1.27,7.7,0.17
20260806_155703_468.jpg,27.09,5.88,8.04,0.09
20260806_200303_493.jpg,27.41,4.08,7.88,0.12
20260806_103503_429.jpg,26.46,8,8.26,0.03
20260806_162303_470.jpg,27.13,5.72,8.02,0.08
20260806_172303_477.jpg,27.23,5.34,7.97,0.13
20260806_220903_508.jpg,27.5,3.29,7.81,0.2
20260806_094803_425.jpg,26.41,8.39,8.29,0.01
20260806_102103_428.jpg,26.46,8.1,8.26,0.05
20260806_193503_491.jpg,27.41,4.34,7.89,0.14
20260806_203503_495.jpg,27.45,3.95,7.86,0.12
20260807_030903_539.jpg,27.68,1.67,7.73,0.14
20260806_121703_440.jpg,26.68,7.29,8.18,0.05
20260806_174703_479.jpg,27.27,5.12,7.96,0.12
20260806_181303_481.jpg,27.32,4.97,7.94,0.11
20260807_042103_544.jpg,27.73,1.35,7.7,0.18
20260806_133103_457.jpg,26.82,6.92,8.13,0.1
20260807_040703_543.jpg,27.73,1.37,7.72,0.24
20260806_114603_437.jpg,26.59,7.59,8.2,0.06
20260806_213903_506.jpg,27.5,3.47,7.84,0.13
20260806_185903_484.jpg,27.36,4.63,7.91,0.13
20260806_181103_481.jpg,27.27,4.95,7.94,0.12
20260807_062103_553.jpg,27.77,1.18,7.69,0.2
20260806_115703_438.jpg,26.64,7.53,8.2,0.09
20260807_024703_537.jpg,27.68,1.66,7.73,0.16
20260806_154103_467.jpg,27.04,6.01,8.05,1.94
20260806_162503_470.jpg,27.13,5.65,8.02,0.09
20260806_164303_471.jpg,27.13,5.64,8,0.1
20260806_175903_480.jpg,27.27,5.02,7.95,0.12
20260807_050703_547.jpg,27.73,1.25,7.71,0.2
20260806_211703_501.jpg,27.48,3.63,7.84,0.14
20260806_172103_477.jpg,27.23,5.3,7.97,0.1
20260806_100403_426.jpg,26.41,8.3,8.28,0.04
20260807_060903_552.jpg,27.77,1.19,7.7,0.32
20260806_214903_506.jpg,27.5,3.41,7.83,0.16
20260806_115003_438.jpg,26.59,7.54,8.2,0.09
20260806_162903_470.jpg,27.13,5.69,8.02,0.12
20260806_104503_429.jpg,26.46,8.03,8.25,0.04
20260806_133903_458.jpg,26.82,6.82,8.13,0.08
20260806_114403_437.jpg,26.59,7.58,8.2,0.07
20260806_181703_481.jpg,27.27,5,7.94,0.1
20260806_101803_427.jpg,26.41,8.19,8.28,0.05
20260806_165503_472.jpg,27.18,5.49,7.99,0.1
20260806_101903_427.jpg,26.41,8.17,8.28,0.03
20260807_071103_559.jpg,27.82,1.2,7.7,0.16
20260806_102503_428.jpg,26.46,8.11,8.26,0.2
20260806_152703_466.jpg,27.04,6.09,8.05,0.09
20260807_024903_537.jpg,27.68,1.68,7.73,0.29
20260807_035703_542.jpg,27.73,1.46,7.72,0.15
20260807_013503_525.jpg,27.66,2.07,7.75,0.13
20260806_211903_501.jpg,27.45,3.65,7.84,0.2
20260807_031303_539.jpg,27.66,1.54,7.73,0.17
20260806_145503_464.jpg,26.99,6.26,8.07,0.09
20260806_164503_472.jpg,27.13,5.59,8,0.1
20260806_231103_512.jpg,27.54,2.88,7.8,0.13
20260806_215103_506.jpg,27.5,3.38,7.83,0.28
20260806_122403_440.jpg,26.73,7.31,8.18,0.06
20260807_011903_524.jpg,27.64,2.13,7.76,0.16
